기준연월,방문자수
20220701,181200.0
20220702,177226.0
20220703,177620.0
20220704,175493.0
20220705,181563.0
20220706,182124.0
20220707,174050.0
20220708,183276.0
20220709,185142.0
20220710,185072.0
20220711,180113.0
20220712,184797.0
20220713,182124.0
20220714,179552.0
20220715,187693.0
20220716,185142.0
20220717,185465.0
20220718,180834.0
20220719,184009.0
20220720,182591.0
20220721,182821.0
20220722,184322.0
20220723,184749.0
20220724,185465.0
20220725,180113.0
20220726,183172.0
20220727,181930.0
20220728,182985.0
20220729,181200.0
20220730,181228.0
20220731,185465.0
20220801,173489.0
20220802,175854.0
20220803,179313.0
20220804,175055.0
20220805,178685.0
20220806,177304.0
20220807,180578.0
20220808,173325.0
20220809,175854.0
20220810,175588.0
20220811,176889.0
20220812,181738.0
20220813,177688.0
20220814,180578.0
20220815,179967.0
20220816,175854.0
20220817,174933.0
20220818,177726.0
20220819,181902.0
20220820,177753.0
20220821,177738.0
20220822,173489.0
20220823,175854.0
20220824,174169.0
20220825,177550.0
20220826,181085.0
20220827,180593.0
20220828,177738.0
20220829,173325.0
20220830,175854.0
20220831,175026.0
20220901,168480.0
20220902,170635.0
20220903,168412.0
20220904,164597.0
20220905,166568.0
20220906,166864.0
20220907,166487.0
20220908,166847.0
20220909,183144.0
20220910,180712.0
20220911,177458.0
20220912,178500.0
20220913,166864.0
20220914,166487.0
20220915,167705.0
20220916,170635.0
20220917,168450.0
20220918,167198.0
20220919,163967.0
20220920,166864.0
20220921,166323.0
20220922,167705.0
20220923,168860.0
20220924,170058.0
20220925,167591.0
20220926,163967.0
20220927,166864.0
20220928,166323.0
